<annotation>
	<folder>4</folder>
	<filename>10-buoy00026.jpg</filename>
	<path>/home/sid/Desktop/DATA_LABELING_TASK_2/4/10-buoy00026.jpg</path>
	<source>
		<database>Unknown</database>
	</source>
	<size>
		<width>1280</width>
		<height>738</height>
		<depth>3</depth>
	</size>
	<segmented>0</segmented>
	<object>
		<name>buoy_red</name>
		<pose>Unspecified</pose>
		<truncated>0</truncated>
		<difficult>0</difficult>
		<bndbox>
			<xmin>515</xmin>
			<ymin>583</ymin>
			<xmax>545</xmax>
			<ymax>614</ymax>
		</bndbox>
	</object>
	<object>
		<name>buoy_green</name>
		<pose>Unspecified</pose>
		<truncated>0</truncated>
		<difficult>0</difficult>
		<bndbox>
			<xmin>352</xmin>
			<ymin>560</ymin>
			<xmax>378</xmax>
			<ymax>592</ymax>
		</bndbox>
	</object>
	<object>
		<name>buoy_yellow</name>
		<pose>Unspecified</pose>
		<truncated>0</truncated>
		<difficult>0</difficult>
		<bndbox>
			<xmin>662</xmin>
			<ymin>551</ymin>
			<xmax>689</xmax>
			<ymax>586</ymax>
		</bndbox>
	</object>
</annotation>
