<annotation>
	<folder>4</folder>
	<filename>10-buoy00025.jpg</filename>
	<path>/home/sid/Desktop/DATA_LABELING_TASK_2/4/10-buoy00025.jpg</path>
	<source>
		<database>Unknown</database>
	</source>
	<size>
		<width>1280</width>
		<height>738</height>
		<depth>3</depth>
	</size>
	<segmented>0</segmented>
	<object>
		<name>buoy_red</name>
		<pose>Unspecified</pose>
		<truncated>0</truncated>
		<difficult>0</difficult>
		<bndbox>
			<xmin>514</xmin>
			<ymin>582</ymin>
			<xmax>543</xmax>
			<ymax>617</ymax>
		</bndbox>
	</object>
	<object>
		<name>buoy_yellow</name>
		<pose>Unspecified</pose>
		<truncated>0</truncated>
		<difficult>0</difficult>
		<bndbox>
			<xmin>662</xmin>
			<ymin>554</ymin>
			<xmax>690</xmax>
			<ymax>585</ymax>
		</bndbox>
	</object>
	<object>
		<name>buoy_green</name>
		<pose>Unspecified</pose>
		<truncated>0</truncated>
		<difficult>0</difficult>
		<bndbox>
			<xmin>350</xmin>
			<ymin>557</ymin>
			<xmax>383</xmax>
			<ymax>590</ymax>
		</bndbox>
	</object>
</annotation>
