<annotation>
	<folder>4</folder>
	<filename>10-buoy00013.jpg</filename>
	<path>/home/sid/Desktop/DATA_LABELING_TASK_2/4/10-buoy00013.jpg</path>
	<source>
		<database>Unknown</database>
	</source>
	<size>
		<width>1280</width>
		<height>738</height>
		<depth>3</depth>
	</size>
	<segmented>0</segmented>
	<object>
		<name>buoy_red</name>
		<pose>Unspecified</pose>
		<truncated>0</truncated>
		<difficult>0</difficult>
		<bndbox>
			<xmin>521</xmin>
			<ymin>580</ymin>
			<xmax>550</xmax>
			<ymax>605</ymax>
		</bndbox>
	</object>
	<object>
		<name>buoy_yellow</name>
		<pose>Unspecified</pose>
		<truncated>0</truncated>
		<difficult>0</difficult>
		<bndbox>
			<xmin>668</xmin>
			<ymin>552</ymin>
			<xmax>689</xmax>
			<ymax>579</ymax>
		</bndbox>
	</object>
	<object>
		<name>buoy_green</name>
		<pose>Unspecified</pose>
		<truncated>0</truncated>
		<difficult>0</difficult>
		<bndbox>
			<xmin>364</xmin>
			<ymin>560</ymin>
			<xmax>389</xmax>
			<ymax>586</ymax>
		</bndbox>
	</object>
</annotation>
