<annotation>
	<folder>4</folder>
	<filename>10-buoy00029.jpg</filename>
	<path>/home/sid/Desktop/DATA_LABELING_TASK_2/4/10-buoy00029.jpg</path>
	<source>
		<database>Unknown</database>
	</source>
	<size>
		<width>1280</width>
		<height>738</height>
		<depth>3</depth>
	</size>
	<segmented>0</segmented>
	<object>
		<name>buoy_red</name>
		<pose>Unspecified</pose>
		<truncated>0</truncated>
		<difficult>0</difficult>
		<bndbox>
			<xmin>512</xmin>
			<ymin>586</ymin>
			<xmax>542</xmax>
			<ymax>621</ymax>
		</bndbox>
	</object>
	<object>
		<name>buoy_green</name>
		<pose>Unspecified</pose>
		<truncated>0</truncated>
		<difficult>0</difficult>
		<bndbox>
			<xmin>352</xmin>
			<ymin>560</ymin>
			<xmax>380</xmax>
			<ymax>590</ymax>
		</bndbox>
	</object>
	<object>
		<name>buoy_yellow</name>
		<pose>Unspecified</pose>
		<truncated>0</truncated>
		<difficult>0</difficult>
		<bndbox>
			<xmin>661</xmin>
			<ymin>555</ymin>
			<xmax>684</xmax>
			<ymax>583</ymax>
		</bndbox>
	</object>
</annotation>
