<annotation>
	<folder>4</folder>
	<filename>10-buoy00023.jpg</filename>
	<path>/home/sid/Desktop/DATA_LABELING_TASK_2/4/10-buoy00023.jpg</path>
	<source>
		<database>Unknown</database>
	</source>
	<size>
		<width>1280</width>
		<height>738</height>
		<depth>3</depth>
	</size>
	<segmented>0</segmented>
	<object>
		<name>buoy_red</name>
		<pose>Unspecified</pose>
		<truncated>0</truncated>
		<difficult>0</difficult>
		<bndbox>
			<xmin>518</xmin>
			<ymin>580</ymin>
			<xmax>543</xmax>
			<ymax>610</ymax>
		</bndbox>
	</object>
	<object>
		<name>buoy_green</name>
		<pose>Unspecified</pose>
		<truncated>0</truncated>
		<difficult>0</difficult>
		<bndbox>
			<xmin>353</xmin>
			<ymin>557</ymin>
			<xmax>378</xmax>
			<ymax>586</ymax>
		</bndbox>
	</object>
	<object>
		<name>buoy_yellow</name>
		<pose>Unspecified</pose>
		<truncated>0</truncated>
		<difficult>0</difficult>
		<bndbox>
			<xmin>661</xmin>
			<ymin>552</ymin>
			<xmax>687</xmax>
			<ymax>583</ymax>
		</bndbox>
	</object>
</annotation>
