<annotation>
	<folder>4</folder>
	<filename>11-buoy00439.jpg</filename>
	<path>/home/sid/Desktop/DATA_LABELING_TASK_2/4/11-buoy00439.jpg</path>
	<source>
		<database>Unknown</database>
	</source>
	<size>
		<width>1280</width>
		<height>738</height>
		<depth>3</depth>
	</size>
	<segmented>0</segmented>
	<object>
		<name>buoy_red</name>
		<pose>Unspecified</pose>
		<truncated>0</truncated>
		<difficult>0</difficult>
		<bndbox>
			<xmin>740</xmin>
			<ymin>99</ymin>
			<xmax>936</xmax>
			<ymax>304</ymax>
		</bndbox>
	</object>
</annotation>
