<annotation>
	<folder>4</folder>
	<filename>12-buoy00281.jpg</filename>
	<path>/home/sid/Desktop/DATA_LABELING_TASK_2/4/12-buoy00281.jpg</path>
	<source>
		<database>Unknown</database>
	</source>
	<size>
		<width>480</width>
		<height>354</height>
		<depth>3</depth>
	</size>
	<segmented>0</segmented>
	<object>
		<name>buoy_red</name>
		<pose>Unspecified</pose>
		<truncated>0</truncated>
		<difficult>0</difficult>
		<bndbox>
			<xmin>117</xmin>
			<ymin>201</ymin>
			<xmax>133</xmax>
			<ymax>215</ymax>
		</bndbox>
	</object>
	<object>
		<name>buoy_yellow</name>
		<pose>Unspecified</pose>
		<truncated>0</truncated>
		<difficult>0</difficult>
		<bndbox>
			<xmin>175</xmin>
			<ymin>186</ymin>
			<xmax>190</xmax>
			<ymax>202</ymax>
		</bndbox>
	</object>
	<object>
		<name>buoy_green</name>
		<pose>Unspecified</pose>
		<truncated>0</truncated>
		<difficult>0</difficult>
		<bndbox>
			<xmin>66</xmin>
			<ymin>218</ymin>
			<xmax>81</xmax>
			<ymax>235</ymax>
		</bndbox>
	</object>
</annotation>
