<annotation>
	<folder>4</folder>
	<filename>12-buoy00241.jpg</filename>
	<path>/home/sid/Desktop/DATA_LABELING_TASK_2/4/12-buoy00241.jpg</path>
	<source>
		<database>Unknown</database>
	</source>
	<size>
		<width>480</width>
		<height>354</height>
		<depth>3</depth>
	</size>
	<segmented>0</segmented>
	<object>
		<name>buoy_red</name>
		<pose>Unspecified</pose>
		<truncated>0</truncated>
		<difficult>0</difficult>
		<bndbox>
			<xmin>112</xmin>
			<ymin>234</ymin>
			<xmax>125</xmax>
			<ymax>248</ymax>
		</bndbox>
	</object>
	<object>
		<name>buoy_yellow</name>
		<pose>Unspecified</pose>
		<truncated>0</truncated>
		<difficult>0</difficult>
		<bndbox>
			<xmin>166</xmin>
			<ymin>218</ymin>
			<xmax>182</xmax>
			<ymax>233</ymax>
		</bndbox>
	</object>
	<object>
		<name>buoy_green</name>
		<pose>Unspecified</pose>
		<truncated>0</truncated>
		<difficult>0</difficult>
		<bndbox>
			<xmin>61</xmin>
			<ymin>250</ymin>
			<xmax>74</xmax>
			<ymax>265</ymax>
		</bndbox>
	</object>
</annotation>
