<annotation>
	<folder>4</folder>
	<filename>12-buoy00301.jpg</filename>
	<path>/home/sid/Desktop/DATA_LABELING_TASK_2/4/12-buoy00301.jpg</path>
	<source>
		<database>Unknown</database>
	</source>
	<size>
		<width>480</width>
		<height>354</height>
		<depth>3</depth>
	</size>
	<segmented>0</segmented>
	<object>
		<name>buoy_yellow</name>
		<pose>Unspecified</pose>
		<truncated>0</truncated>
		<difficult>0</difficult>
		<bndbox>
			<xmin>180</xmin>
			<ymin>171</ymin>
			<xmax>196</xmax>
			<ymax>187</ymax>
		</bndbox>
	</object>
	<object>
		<name>buoy_red</name>
		<pose>Unspecified</pose>
		<truncated>0</truncated>
		<difficult>0</difficult>
		<bndbox>
			<xmin>125</xmin>
			<ymin>187</ymin>
			<xmax>138</xmax>
			<ymax>201</ymax>
		</bndbox>
	</object>
	<object>
		<name>buoy_green</name>
		<pose>Unspecified</pose>
		<truncated>0</truncated>
		<difficult>0</difficult>
		<bndbox>
			<xmin>73</xmin>
			<ymin>206</ymin>
			<xmax>88</xmax>
			<ymax>222</ymax>
		</bndbox>
	</object>
</annotation>
