<annotation>
	<folder>4</folder>
	<filename>12-buoy00221.jpg</filename>
	<path>/home/sid/Desktop/DATA_LABELING_TASK_2/4/12-buoy00221.jpg</path>
	<source>
		<database>Unknown</database>
	</source>
	<size>
		<width>480</width>
		<height>354</height>
		<depth>3</depth>
	</size>
	<segmented>0</segmented>
	<object>
		<name>buoy_red</name>
		<pose>Unspecified</pose>
		<truncated>0</truncated>
		<difficult>0</difficult>
		<bndbox>
			<xmin>114</xmin>
			<ymin>236</ymin>
			<xmax>126</xmax>
			<ymax>249</ymax>
		</bndbox>
	</object>
	<object>
		<name>buoy_yellow</name>
		<pose>Unspecified</pose>
		<truncated>0</truncated>
		<difficult>0</difficult>
		<bndbox>
			<xmin>165</xmin>
			<ymin>222</ymin>
			<xmax>182</xmax>
			<ymax>238</ymax>
		</bndbox>
	</object>
	<object>
		<name>buoy_red</name>
		<pose>Unspecified</pose>
		<truncated>0</truncated>
		<difficult>0</difficult>
		<bndbox>
			<xmin>63</xmin>
			<ymin>252</ymin>
			<xmax>75</xmax>
			<ymax>266</ymax>
		</bndbox>
	</object>
</annotation>
