<annotation>
	<folder>4</folder>
	<filename>12-buoy00181.jpg</filename>
	<path>/home/sid/Desktop/DATA_LABELING_TASK_2/4/12-buoy00181.jpg</path>
	<source>
		<database>Unknown</database>
	</source>
	<size>
		<width>480</width>
		<height>354</height>
		<depth>3</depth>
	</size>
	<segmented>0</segmented>
	<object>
		<name>buoy_red</name>
		<pose>Unspecified</pose>
		<truncated>0</truncated>
		<difficult>0</difficult>
		<bndbox>
			<xmin>116</xmin>
			<ymin>230</ymin>
			<xmax>127</xmax>
			<ymax>244</ymax>
		</bndbox>
	</object>
	<object>
		<name>buoy_green</name>
		<pose>Unspecified</pose>
		<truncated>0</truncated>
		<difficult>0</difficult>
		<bndbox>
			<xmin>67</xmin>
			<ymin>246</ymin>
			<xmax>80</xmax>
			<ymax>259</ymax>
		</bndbox>
	</object>
	<object>
		<name>buoy_yellow</name>
		<pose>Unspecified</pose>
		<truncated>0</truncated>
		<difficult>0</difficult>
		<bndbox>
			<xmin>168</xmin>
			<ymin>217</ymin>
			<xmax>181</xmax>
			<ymax>233</ymax>
		</bndbox>
	</object>
</annotation>
