<annotation>
	<folder>4</folder>
	<filename>9-buoy02401.jpg</filename>
	<path>/home/sid/Desktop/DATA_LABELING_TASK_2/4/9-buoy02401.jpg</path>
	<source>
		<database>Unknown</database>
	</source>
	<size>
		<width>1280</width>
		<height>738</height>
		<depth>3</depth>
	</size>
	<segmented>0</segmented>
	<object>
		<name>buoy_red</name>
		<pose>Unspecified</pose>
		<truncated>0</truncated>
		<difficult>0</difficult>
		<bndbox>
			<xmin>714</xmin>
			<ymin>526</ymin>
			<xmax>770</xmax>
			<ymax>585</ymax>
		</bndbox>
	</object>
	<object>
		<name>path</name>
		<pose>Unspecified</pose>
		<truncated>0</truncated>
		<difficult>0</difficult>
		<bndbox>
			<xmin>577</xmin>
			<ymin>523</ymin>
			<xmax>703</xmax>
			<ymax>642</ymax>
		</bndbox>
	</object>
	<object>
		<name>buoy_yellow</name>
		<pose>Unspecified</pose>
		<truncated>0</truncated>
		<difficult>0</difficult>
		<bndbox>
			<xmin>336</xmin>
			<ymin>298</ymin>
			<xmax>399</xmax>
			<ymax>367</ymax>
		</bndbox>
	</object>
</annotation>
