<annotation>
	<folder>4</folder>
	<filename>9-buoy01951.jpg</filename>
	<path>/home/sid/Desktop/DATA_LABELING_TASK_2/4/9-buoy01951.jpg</path>
	<source>
		<database>Unknown</database>
	</source>
	<size>
		<width>1280</width>
		<height>738</height>
		<depth>3</depth>
	</size>
	<segmented>0</segmented>
	<object>
		<name>buoy_yellow</name>
		<pose>Unspecified</pose>
		<truncated>0</truncated>
		<difficult>0</difficult>
		<bndbox>
			<xmin>381</xmin>
			<ymin>288</ymin>
			<xmax>443</xmax>
			<ymax>354</ymax>
		</bndbox>
	</object>
	<object>
		<name>buoy_red</name>
		<pose>Unspecified</pose>
		<truncated>0</truncated>
		<difficult>0</difficult>
		<bndbox>
			<xmin>746</xmin>
			<ymin>507</ymin>
			<xmax>805</xmax>
			<ymax>567</ymax>
		</bndbox>
	</object>
	<object>
		<name>path</name>
		<pose>Unspecified</pose>
		<truncated>0</truncated>
		<difficult>0</difficult>
		<bndbox>
			<xmin>625</xmin>
			<ymin>505</ymin>
			<xmax>743</xmax>
			<ymax>627</ymax>
		</bndbox>
	</object>
</annotation>
