<annotation>
	<folder>4</folder>
	<filename>9-buoy02001.jpg</filename>
	<path>/home/sid/Desktop/DATA_LABELING_TASK_2/4/9-buoy02001.jpg</path>
	<source>
		<database>Unknown</database>
	</source>
	<size>
		<width>1280</width>
		<height>738</height>
		<depth>3</depth>
	</size>
	<segmented>0</segmented>
	<object>
		<name>path</name>
		<pose>Unspecified</pose>
		<truncated>0</truncated>
		<difficult>0</difficult>
		<bndbox>
			<xmin>573</xmin>
			<ymin>529</ymin>
			<xmax>698</xmax>
			<ymax>651</ymax>
		</bndbox>
	</object>
	<object>
		<name>buoy_red</name>
		<pose>Unspecified</pose>
		<truncated>0</truncated>
		<difficult>0</difficult>
		<bndbox>
			<xmin>698</xmin>
			<ymin>529</ymin>
			<xmax>758</xmax>
			<ymax>597</ymax>
		</bndbox>
	</object>
	<object>
		<name>buoy_yellow</name>
		<pose>Unspecified</pose>
		<truncated>0</truncated>
		<difficult>0</difficult>
		<bndbox>
			<xmin>331</xmin>
			<ymin>313</ymin>
			<xmax>393</xmax>
			<ymax>379</ymax>
		</bndbox>
	</object>
</annotation>
