<annotation>
	<folder>4</folder>
	<filename>9-buoy02741.jpg</filename>
	<path>/home/sid/Desktop/DATA_LABELING_TASK_2/4/9-buoy02741.jpg</path>
	<source>
		<database>Unknown</database>
	</source>
	<size>
		<width>1280</width>
		<height>738</height>
		<depth>3</depth>
	</size>
	<segmented>0</segmented>
	<object>
		<name>buoy_yellow</name>
		<pose>Unspecified</pose>
		<truncated>0</truncated>
		<difficult>0</difficult>
		<bndbox>
			<xmin>318</xmin>
			<ymin>591</ymin>
			<xmax>381</xmax>
			<ymax>660</ymax>
		</bndbox>
	</object>
</annotation>
