<annotation>
	<folder>4</folder>
	<filename>9-buoy02661.jpg</filename>
	<path>/home/sid/Desktop/DATA_LABELING_TASK_2/4/9-buoy02661.jpg</path>
	<source>
		<database>Unknown</database>
	</source>
	<size>
		<width>1280</width>
		<height>738</height>
		<depth>3</depth>
	</size>
	<segmented>0</segmented>
	<object>
		<name>buoy_red</name>
		<pose>Unspecified</pose>
		<truncated>0</truncated>
		<difficult>0</difficult>
		<bndbox>
			<xmin>661</xmin>
			<ymin>607</ymin>
			<xmax>715</xmax>
			<ymax>666</ymax>
		</bndbox>
	</object>
	<object>
		<name>buoy_yellow</name>
		<pose>Unspecified</pose>
		<truncated>0</truncated>
		<difficult>0</difficult>
		<bndbox>
			<xmin>273</xmin>
			<ymin>392</ymin>
			<xmax>340</xmax>
			<ymax>456</ymax>
		</bndbox>
	</object>
	<object>
		<name>path</name>
		<pose>Unspecified</pose>
		<truncated>0</truncated>
		<difficult>0</difficult>
		<bndbox>
			<xmin>542</xmin>
			<ymin>616</ymin>
			<xmax>656</xmax>
			<ymax>731</ymax>
		</bndbox>
	</object>
</annotation>
